visit_id,visit_month,patient_id,UniProt,Peptide,PeptideAbundance
4161_0,0,4161,P01834,HKVYAC(UniMod_4)EVTHQGLSSPVTK,202204
4161_0,0,4161,P01834,TVAAPSVFIFPPSDEQLK,490295
4161_0,0,4161,P01834,VDNALQSGNSQESVTEQDSK,72547.6
4161_0,0,4161,P01834,VDNALQSGNSQESVTEQDSKDSTYSLSSTLTLSK,35089.7
4161_0,0,4161,P01834,VYAC(UniMod_4)EVTHQGLSSPVTK,819854
4161_0,0,4161,P01857,GPSVFPLAPSSK,1112940
4161_0,0,4161,P01857,SC(UniMod_4)DKTHTC(UniMod_4)PPC(UniMod_4)PAPELLGGPSVFLFPPKPK,784613
4161_0,0,4161,P01857,TPEVTC(UniMod_4)VVVDVSHEDPEVK,172464
4161_0,0,4161,P01859,C(UniMod_4)C(UniMod_4)VEC(UniMod_4)PPC(UniMod_4)PAPPVAGPSVFLFPPKPK,392189
4161_0,0,4161,P01859,GLPAPIEK,1003640
4161_0,0,4161,P01859,KC(UniMod_4)C(UniMod_4)VEC(UniMod_4)PPC(UniMod_4)PAPPVAGPSVFLFPPKPK,537122
4161_0,0,4161,P01860,SC(UniMod_4)DTPPPC(UniMod_4)PR,68865.5
4161_0,0,4161,P01860,TPLGDTTHTC(UniMod_4)PR,122719
4161_0,0,4161,P01876,DASGVTFTWTPSSGK,387404
4161_0,0,4161,P01876,NFPPSQDASGDLYTTSSQLTLPATQC(UniMod_4)LAGK,110955
4161_0,0,4161,P01876,TFTC(UniMod_4)TAAYPESK,656443
4161_0,0,4161,P01876,TPLTATLSK,1349760
4161_0,0,4161,P01877,HYTNPSQDVTVPC(UniMod_4)PVPPPPPC(UniMod_4)C(UniMod_4)HPR,149419
4161_0,0,4161,P01877,NFPPSQDASGDLYTTSSQLTLPATQC(UniMod_4)PDGK,24247.4
4161_0,0,4161,P02452,STGGISVPGPMGPSGPR,54459.9
4161_0,0,4161,P02452,YHDRDVWKPEPC(UniMod_4)R,42374.4
4161_0,0,4161,P02647,AKPALEDLR,556411
4161_0,0,4161,P02647,ATEHLSTLSEK,1513090
4161_0,0,4161,P02647,DEPPQSPWDR,4636440
4161_0,0,4161,P02647,DLATVYVDVLK,184161
4161_0,0,4161,P02647,DSGRDYVSQFEGSALGK,1291930
4161_0,0,4161,P02647,DYVSQFEGSALGK,439579
4161_0,0,4161,P02647,KPALEDLR,29277.3
4161_0,0,4161,P02647,LAARLEALKENGGAR,151832
4161_0,0,4161,P02647,LLDNWDSVTSTFSK,1808720
4161_0,0,4161,P02647,LSPLGEEMR,715765
4161_0,0,4161,P02647,PALEDLR,87670.2
4161_0,0,4161,P02647,QKVEPLRAELQEGAR,5779350
4161_0,0,4161,P02647,TEHLSTLSEK,153012
4161_0,0,4161,P02647,THLAPYSDELR,1457980
4161_0,0,4161,P02647,THLAPYSDELRQR,2102730
4161_0,0,4161,P02647,VEPLRAELQEGAR,431403
4161_0,0,4161,P02647,VKDLATVYVDVLK,370264
4161_0,0,4161,P02647,VQPYLDDFQK,203918
4161_0,0,4161,P02647,VQPYLDDFQKK,727693
4161_0,0,4161,P02647,WQEEMELYR,582947
4161_0,0,4161,P02649,AATVGSLAGQPLQER,78406.3
4161_0,0,4161,P02649,AKLEEQAQQIR,443406
4161_0,0,4161,P02649,AYKSELEEQLTPVAEETR,951581
4161_0,0,4161,P02649,DRLDEVKEQVAEVR,226757
4161_0,0,4161,P02649,GEVQAMLGQSTEELR,72669.5
4161_0,0,4161,P02649,GEVQAMLGQSTEELRVR,118316
4161_0,0,4161,P02649,KVEQAVETEPEPELR,5166170
4161_0,0,4161,P02649,LAVYQAGAR,325496
4161_0,0,4161,P02649,LDEVKEQVAEVR,13439.3
4161_0,0,4161,P02649,LEEQAQQIR,26832.4
4161_0,0,4161,P02649,LGADM(UniMod_35)EDVC(UniMod_4)GR,17267.3
4161_0,0,4161,P02649,LGADMEDVC(UniMod_4)GR,471763
4161_0,0,4161,P02649,LGPLVEQGR,2310210
4161_0,0,4161,P02649,LQAEAFQAR,450530
